code_departement,prix_m2_median_tous,nb_transactions,prix_m2_median_maison,prix_m2_median_appart,annee
01,2357.083333333333,6537,2234.931506849315,2704.423076923077,2020
02,1323.125,5100,1244.431818181818,2251.8132768627456,2020
03,1244.4444444444443,4665,1169.2307692307693,1510.8527131782946,2020
04,2168.270565374294,2196,2307.692307692308,1982.7586206896551,2020
05,2370.731707317073,2323,2395.294117647059,2350.0,2020
06,4261.9047619047615,15734,4628.777777777777,4166.666666666667,2020
07,1996.6666666666667,3657,1953.125,2096.006144393242,2020
08,1234.6938775510205,2313,1196.4151548469856,1439.0243902439024,2020
09,1456.25,2073,1384.6153846153843,1933.3333333333333,2020
10,1465.1162790697674,3161,1410.46875,1573.80174291939,2020
11,1787.6712328767123,5189,1700.0,2136.458333333333,2020
12,1523.2877406281664,3082,1389.5,1836.065573770492,2020
13,3390.6882591093117,19204,3825.0,3098.3606557377047,2020
14,2260.4166666666665,10635,2022.47191011236,2805.0706033376123,2020
15,1330.357142857143,1613,1234.567901234568,1541.440846001322,2020
16,1375.0,4413,1345.982142857143,1696.278825995807,2020
17,2392.233009708738,9887,2159.0,3750.0,2020
18,1268.0115896903649,3558,1200.0,1553.1914893617022,2020
19,1416.6666666666667,3107,1373.6666666666665,1527.7777777777778,2020
21,2175.139288592149,6388,1879.3103448275865,2453.125,2020
22,1619.047619047619,8879,1562.5,2128.274231678487,2020
23,898.3333333333334,1550,880.5970149253732,1153.8461538461538,2020
24,1545.4545454545455,6423,1515.1515151515152,1804.0935672514622,2020
25,1967.8277108433736,5669,1875.0,2062.651,2020
26,2192.3076923076924,5571,2263.736263736264,1979.084967320261,2020
27,1820.5128205128208,8109,1801.7927927927929,2068.9655172413795,2020
28,1812.5,5096,1740.0,2222.222222222222,2020
29,1767.991071428571,12222,1750.0,1814.1129943502824,2020
2A,3565.6275635767024,1280,3787.878787878788,3440.860215053764,2020
2B,2875.03125,1339,2785.4329710144925,2920.909090909091,2020
30,2345.454545454545,8735,2323.5828877005347,2403.9310344827586,2020
31,2727.2727272727275,14220,2565.1315789473683,2941.176470588235,2020
32,1566.7146196727206,2218,1508.2219251336896,2000.0,2020
33,3258.022103960396,17882,2933.043478260869,3823.529411764706,2020
34,2904.7619047619046,14991,2688.1720430107525,3125.0,2020
35,2306.3508064516127,11374,2000.0,2980.684210526316,2020
36,1052.6315789473683,2435,1022.3930481283421,1342.5925925925926,2020
37,2118.320610687023,6838,1977.7777777777776,2500.0,2020
38,2500.0,13437,2431.055555555556,2568.825910931174,2020
39,1533.3333333333333,2905,1466.867469879518,1755.3191489361702,2020
40,2291.6666666666665,5692,2157.5,2700.0,2020
41,1447.3684210526317,3996,1413.6065573770493,1664.084051724138,2020
42,1675.0,8619,1886.0759493670887,1400.0,2020
43,1444.4444444444443,2418,1413.5593220338983,1509.090909090909,2020
44,2924.5283018867926,15545,2650.0,3472.222222222222,2020
45,1792.8129032258064,7613,1706.8181818181818,2244.2267573696145,2020
46,1562.5,2298,1520.7,2048.192771084337,2020
47,1537.7492877492878,4662,1500.0,1739.3896551724138,2020
48,1409.090909090909,713,1375.0,1463.4861407249466,2020
49,1909.090909090909,8537,1768.421052631579,2608.695652173913,2020
50,1614.5833333333333,7045,1564.625850340136,2187.5,2020
51,2008.18115942029,5246,1759.3984962406016,2428.5714285714284,2020
52,1068.505834601725,1482,1000.0,1635.2941176470588,2020
53,1369.047619047619,3679,1281.7291586135807,2035.7142857142856,2020
54,1847.6,8038,1707.4468085106382,2031.25,2020
55,1163.3936593505327,1848,1075.925925925926,1868.4865900383138,2020
56,2121.212121212121,10369,1941.176470588236,2782.608695652174,2020
58,1066.6666666666667,2712,1006.9271332694152,1371.1981566820275,2020
59,2116.326530612245,24339,1842.1052631578948,3200.0,2020
60,2206.896551724138,8085,2151.5151515151515,2500.0,2020
61,1264.9006622516556,3991,1240.0,1669.3989071038252,2020
62,1697.9166666666667,13383,1583.3333333333333,2846.153846153846,2020
63,1830.5631868131868,7044,1645.7014767932492,2066.2331081081084,2020
64,2410.25641025641,8060,2089.75,3043.478260869565,2020
65,1586.2068965517242,2959,1500.0,1766.990291262136,2020
66,2230.0,7647,2209.45945945946,2269.6153846153848,2020
69,3777.777777777778,17734,3537.3218243819265,3895.348837209304,2020
70,1240.0471451021476,2388,1204.31654676259,1494.407894736842,2020
71,1408.421052631579,6297,1401.956474190726,1428.571428571429,2020
72,1458.3333333333333,6710,1421.011586452763,1666.6666666666667,2020
73,3085.470085470085,6536,2688.221153846154,3285.576923076923,2020
74,4000.0,10707,3932.0,4024.0998838559817,2020
75,10677.014066496164,13778,12500.0,10666.666666666666,2020
76,2046.022727272728,14313,1902.7777777777776,2555.1587301587306,2020
77,3062.5,15090,2812.5,3552.6315789473683,2020
78,3875.0,13209,3655.555555555556,4086.8518518518517,2020
79,1291.6666666666667,4851,1223.783359497645,2450.9803921568628,2020
80,1826.6194331983804,6078,1604.275681341719,3103.1947261663286,2020
81,1657.3033707865168,4176,1600.0,1937.5,2020
82,1709.8765432098764,2999,1709.8765432098764,1711.5131578947369,2020
83,3536.231884057971,17543,3552.222222222222,3500.0,2020
84,2648.9621489621486,5956,2727.2727272727275,2398.4126984126983,2020
85,2097.2852369863012,9844,2008.5470085470083,2708.333333333333,2020
86,1521.4804469273745,5219,1388.888888888889,2148.3382209188658,2020
87,1500.0,4652,1416.6666666666667,1714.2857142857142,2020
88,1356.78391959799,4319,1304.3478260869565,1495.8954430379745,2020
89,1368.4860736747528,4330,1315.7894736842106,1757.3529411764707,2020
90,1571.428571428571,1329,1701.123595505618,1456.7554932211315,2020
91,3253.4588052409504,11014,3336.633663366337,3134.25,2020
92,6995.724418604652,13034,7825.252525252526,6891.304347826087,2020
93,4138.486866791745,10434,4035.121951219512,4178.326810176125,2020
94,5013.3830845771145,10486,5141.4473684210525,5000.0,2020
95,3497.6785714285716,9994,3568.181818181818,3418.6046511627906,2020
971,2486.8329868329874,1636,2160.9195402298856,2728.6299329858525,2020
972,2842.477876106195,1241,2842.477876106195,2849.624060150376,2020
973,2666.6666666666665,606,2565.217391304348,2758.064516129032,2020
974,2549.285840239817,3588,2542.3728813559323,2560.9756097560976,2020
01,2546.1977186311788,13380,2419.3548387096776,2863.6363636363635,2021
02,1392.5925925925926,10395,1307.6923076923076,2371.223286661754,2021
03,1307.924107142857,9606,1214.9285585909417,1610.8633776091083,2021
04,2228.333333333333,4957,2389.191919191919,2055.1971326164876,2021
05,2496.8253968253966,4809,2452.0170454545455,2500.0,2021
06,4446.618541033435,33360,4964.814814814815,4318.681318681319,2021
07,2024.5398773006127,7479,2038.8349514563104,1982.7868852459017,2021
08,1288.4615384615386,4973,1200.0,1650.8955223880596,2021
09,1477.998065764023,4342,1416.6666666666667,1681.6170555108608,2021
10,1616.6666666666667,6705,1511.6279069767445,1788.8461538461538,2021
11,1912.1950598421186,11442,1772.3863636363635,2327.993103448276,2021
12,1629.3981481481483,6208,1492.857142857143,1888.888888888889,2021
13,3519.3376068376065,39452,4042.258738601824,3221.9444444444443,2021
14,2481.927710843373,20408,2203.9137931034484,3083.333333333333,2021
15,1304.3478260869565,3226,1237.1134020618556,1455.4347826086955,2021
16,1442.3931623931624,9035,1401.5151515151515,1945.5882352941176,2021
17,2594.029702970297,20354,2352.9411764705883,3901.622738001574,2021
18,1276.595744680851,7592,1208.955223880597,1618.1818181818182,2021
19,1488.4615384615386,6095,1443.2575757575758,1604.1666666666667,2021
21,2326.530612244898,12636,1944.4444444444443,2615.3846153846152,2021
22,1750.0,18323,1685.7142857142858,2210.5263157894738,2021
23,903.6144578313254,3327,858.8957055214723,1428.7232142857144,2021
24,1635.4545454545455,14141,1612.9032258064517,1860.4651162790697,2021
25,2125.0,11117,1981.4814814814813,2264.705882352941,2021
26,2287.581699346405,11688,2379.310344827586,2048.192771084337,2021
27,1949.1400547445255,15506,1933.3333333333333,2146.2566844919784,2021
28,1917.2413793103449,10335,1846.1901306240932,2297.872340425532,2021
29,1964.2857142857144,24145,1921.1538461538464,2065.421195652174,2021
2A,3928.932178932179,2938,4652.604166666666,3638.802505526897,2021
2B,2949.3589743589746,2910,3070.1754385964914,2906.9767441860463,2021
30,2499.3670886075947,18425,2460.5263157894738,2570.436507936508,2021
31,2818.181818181818,29211,2662.3376623376626,2988.68437900128,2021
32,1594.2028985507247,4901,1581.084120557805,1666.6666666666667,2021
33,3484.848484848485,35513,3183.370786516854,3944.444444444444,2021
34,3064.883061658398,32056,2853.398058252428,3255.813953488372,2021
35,2530.309057971014,22274,2142.8571428571427,3210.101867572156,2021
36,1101.26582278481,4944,1074.074074074074,1418.6046511627908,2021
37,2239.402985074627,13558,2086.875,2643.529411764706,2021
38,2685.185185185185,27257,2637.7952755905512,2733.333333333333,2021
39,1617.283950617284,5953,1543.6346153846152,1800.6097560975609,2021
40,2494.74697469747,11682,2343.75,3000.0,2021
41,1524.3902439024391,8433,1491.5254237288136,1769.6935096153848,2021
42,1794.2810457516339,17720,1989.010989010989,1509.6774193548388,2021
43,1476.095238095238,5032,1444.7058823529412,1562.5,2021
44,3146.3414634146343,31144,2853.5353535353534,3673.469387755102,2021
45,1893.939393939394,15799,1786.9611414693381,2365.2,2021
46,1650.0,5044,1629.6296296296296,1831.989247311828,2021
47,1588.235294117647,9583,1571.428571428571,1664.781746031746,2021
48,1555.5555555555557,1525,1434.4544940644432,1973.684210526316,2021
49,2069.971440228478,16664,1897.7272727272727,2857.1428571428573,2021
50,1747.567816091954,13982,1684.3382728666325,2526.0313457034767,2021
51,2163.4615384615386,10873,1879.032258064516,2622.222222222222,2021
52,1114.9923076923078,3126,1056.1818181818182,1515.1515151515152,2021
53,1460.3174603174602,7571,1370.967741935484,2148.185483870968,2021
54,1961.5384615384608,15767,1793.4604419101925,2190.4761904761904,2021
55,1177.4305555555557,3644,1063.7330754352029,1850.7699560025142,2021
56,2363.6363636363635,20828,2169.905660377359,3080.1713586291307,2021
58,1123.4567901234568,5619,1068.3760683760684,1439.5121951219512,2021
59,2217.8571428571427,49213,1900.990099009901,3375.0,2021
60,2324.561403508772,15419,2258.8701923076924,2641.509433962264,2021
61,1363.6363636363635,7970,1331.6470588235295,1816.6666666666667,2021
62,1775.0,26289,1645.8333333333333,3092.6767676767677,2021
63,1944.4444444444443,14030,1754.7058823529412,2168.292682926829,2021
64,2662.7717391304345,16730,2251.111111111112,3336.6666666666665,2021
65,1666.6666666666667,6242,1590.909090909091,1864.1975308641968,2021
66,2360.0,16059,2333.333333333333,2422.7777777777774,2021
69,3990.7670454545455,35206,3797.245738636364,4068.1892697466465,2021
70,1287.3563218390805,4411,1244.392394366197,1431.868131868132,2021
71,1480.6946929039952,12990,1475.6363636363635,1500.0,2021
72,1567.741935483871,13852,1527.7777777777778,1784.6153846153843,2021
73,3341.8994413407822,12721,2943.0989804587934,3529.4117647058824,2021
74,4139.0625,21714,4136.573220686124,4141.219891219891,2021
75,10609.756097560976,30779,11343.076923076924,10608.695652173914,2021
76,2168.5393258426966,28494,2009.345794392524,2682.5396825396824,2021
77,3200.0,30062,2943.589743589744,3671.875,2021
78,4012.5453301402667,25888,3846.153846153846,4176.025991792065,2021
79,1352.9411764705883,9721,1278.888888888889,2200.0,2021
80,1800.0,11996,1610.1694915254238,2964.285714285714,2021
81,1781.060606060606,8827,1709.5238095238096,2146.5023847376788,2021
82,1820.224719101124,6260,1812.5,1858.1488933601609,2021
83,3744.68085106383,38515,3784.996482765551,3685.185185185185,2021
84,2748.8057929724596,12522,2867.090647699758,2419.136878814298,2021
85,2304.878048780488,19305,2178.2178217821784,3125.0,2021
86,1582.7586206896551,10108,1439.3939393939395,2307.692307692308,2021
87,1598.2142857142858,9408,1500.0,1816.4912280701753,2021
88,1396.3855421686746,8567,1335.857142857143,1508.4540579710144,2021
89,1448.5981308411217,8775,1390.0,1770.2702702702702,2021
90,1657.5892857142858,2626,1775.78125,1536.5853658536585,2021
91,3389.830508474576,21979,3500.0,3232.558139534884,2021
92,7181.818181818182,25805,8126.923076923077,7066.666666666667,2021
93,4276.438933333334,21148,4182.255244755244,4305.763492063492,2021
94,5138.196286472148,20382,5298.076923076923,5094.33962264151,2021
95,3609.6385542168673,19595,3729.811507936508,3500.0,2021
971,2994.6236559139784,2750,3042.4274809160306,2951.282051282052,2021
972,2908.033826638478,2674,2726.136363636364,3038.838612368024,2021
973,2650.602409638554,1237,2498.507462686567,2886.7521367521367,2021
974,2560.0,7681,2555.555555555556,2560.9756097560976,2021
01,2777.777777777778,12415,2645.736122284795,3181.603773584906,2022
02,1428.571428571429,9360,1367.4341531484388,2230.849358974359,2022
03,1409.3959731543623,9183,1309.090909090909,1834.1666666666665,2022
04,2421.0526315789475,4895,2591.7070707070707,2235.294117647059,2022
05,2666.6666666666665,4653,2670.5333333333333,2666.6666666666665,2022
06,4705.882352941177,34261,5316.338854382333,4567.263157894737,2022
07,2205.8823529411766,7287,2222.222222222222,2169.811320754717,2022
08,1364.8648648648648,4797,1273.7787542000517,1720.0,2022
09,1654.071428571429,4137,1596.638655462185,1913.58024691358,2022
10,1683.1683168316831,6117,1594.339622641509,1870.483870967742,2022
11,2050.5050505050503,11489,1879.7619047619048,2534.857142857143,2022
12,1728.2608695652175,6201,1544.3259569377992,2068.395061728395,2022
13,3800.0,38166,4376.32503192848,3522.0486111111113,2022
14,2687.5,18246,2417.9439879255406,3342.9276315789475,2022
15,1471.5979236812568,3304,1397.0588235294117,1608.108108108108,2022
16,1586.2068965517242,8995,1523.4901277584206,2241.3793103448274,2022
17,2851.194743130227,18104,2577.548682703322,4119.135454801464,2022
18,1383.375,7459,1308.8714938030007,1794.1176470588234,2022
19,1585.3658536585365,6306,1500.0,1836.988036593948,2022
21,2497.8385569985567,11662,2136.8197278911566,2750.0,2022
22,2000.0,16665,1909.121739130435,2580.322580645161,2022
23,1000.9541984732824,3164,970.1492537313432,1373.3075435203093,2022
24,1779.0682170542636,13604,1758.241758241758,1900.0,2022
25,2248.73417721519,10775,2090.909090909091,2380.535581912528,2022
26,2459.502457002457,11050,2580.8823529411766,2226.2295081967213,2022
27,2105.2631578947367,13871,2077.9220779220777,2385.0877192982457,2022
28,2055.8676654182273,9456,1945.2054794520548,2540.0641025641025,2022
29,2229.462068965517,21456,2168.4081458577675,2346.8460111317254,2022
2A,4342.38202247191,3009,5133.333333333333,4000.0,2022
2B,3219.9,2985,3281.9461414141415,3181.818181818182,2022
30,2662.162162162162,17587,2685.185185185185,2601.4492753623185,2022
31,2963.414634146341,28009,2828.618421052632,3081.6326530612246,2022
32,1748.7050820466663,4702,1691.4893617021276,1949.5,2022
33,3672.727272727273,34217,3387.3146208630083,4030.243492063492,2022
34,3306.7625,30837,3069.1362239672244,3482.1428571428573,2022
35,2805.2014995313966,20760,2394.557823129252,3517.2413793103447,2022
36,1200.0,5126,1157.8947368421052,1460.0,2022
37,2450.8191434468526,12310,2250.0,2888.8888888888887,2022
38,2857.1428571428573,26297,2905.309734513274,2818.0415263748596,2022
39,1779.3041926851026,5658,1712.1387283236995,2000.0,2022
40,2742.7157001414425,10358,2600.0,3135.6992,2022
41,1670.7107843137255,7886,1623.3766233766237,1976.7054263565892,2022
42,1916.6666666666667,16550,2179.0890688259105,1619.9333561175665,2022
43,1619.090909090909,4773,1538.562091503268,1800.6493506493507,2022
44,3400.0,28496,3149.8031496062995,3760.434782608696,2022
45,2024.3938717834303,14090,1915.7697368421052,2459.72972972973,2022
46,1816.3265306122448,4857,1785.7142857142858,2109.375,2022
47,1734.4827586206898,9555,1705.8823529411766,1888.888888888889,2022
48,1669.3574212271974,1408,1539.6825396825398,2000.0,2022
49,2285.714285714286,15237,2099.8214285714284,3018.867924528302,2022
50,1909.9099099099096,12529,1832.0610687022904,2800.0,2022
51,2371.0100482839625,10826,1949.3824727368283,3107.9192546583854,2022
52,1164.0883325460557,3108,1068.726145038168,1796.0515873015875,2022
53,1578.9473684210527,6662,1476.923076923077,2191.780821917808,2022
54,2119.765840220385,14784,1991.6666666666667,2278.472222222222,2022
55,1259.0,3533,1161.2903225806451,1740.1574803149606,2022
56,2645.0,18403,2400.0,3441.3674560733384,2022
58,1197.4421240084184,5418,1139.5348837209303,1487.5,2022
59,2355.371900826446,45954,2025.0,3442.622950819672,2022
60,2463.1924691859676,14280,2386.3636363636365,2786.88524590164,2022
61,1458.3333333333333,7087,1414.213564213564,1956.5217391304348,2022
62,1897.51312944084,24928,1764.7058823529412,3142.8571428571427,2022
63,2080.0,13829,1884.9890530925013,2330.0,2022
64,2767.454887218045,14666,2441.333333333333,3452.3809523809523,2022
65,1853.9473684210527,5943,1738.888888888889,2105.7418082524273,2022
66,2546.4,16122,2548.181818181818,2544.4444444444443,2022
69,4239.43661971831,33581,4152.892561983471,4269.446845289542,2022
70,1353.7414965986395,4447,1331.25,1453.1154239019406,2022
71,1617.6470588235295,12371,1584.7826086956522,1686.0,2022
72,1714.2857142857142,12811,1643.835616438356,2029.4181267575168,2022
73,3636.363636363637,12133,3295.5694444444443,3776.1194029850735,2022
74,4421.565517241379,21765,4536.803405572755,4378.723404255319,2022
75,10500.0,32756,11488.808139534884,10500.0,2022
76,2325.0,26864,2157.446808510638,2864.1975308641977,2022
77,3421.0526315789475,27459,3162.0789341377576,3775.862068965517,2022
78,4215.05376344086,23833,4074.279497098646,4336.923076923077,2022
79,1494.2528735632184,8867,1413.0434782608695,2425.0,2022
80,2000.0,11725,1727.3863636363635,3333.333333333333,2022
81,1918.560606060606,8428,1832.8269712140177,2373.9406779661017,2022
82,1989.4736842105265,6066,1979.4688252609044,2010.8111266947176,2022
83,4073.842105263158,37088,4197.530864197531,3942.0,2022
84,2928.2894736842104,12029,3076.923076923077,2618.234335839599,2022
85,2545.3336557059956,17328,2414.3170731707323,3457.9905992949475,2022
86,1689.6719353705655,9876,1520.490164720934,2481.6666666666665,2022
87,1694.915254237288,9020,1590.909090909091,1882.3529411764705,2022
88,1547.6190476190477,8454,1480.4695652173914,1704.5454545454545,2022
89,1534.2603844454266,7618,1468.1035831638242,1906.9767441860463,2022
90,1730.15873015873,2605,1809.9343185550083,1648.607594936709,2022
91,3555.555555555556,21006,3688.524590163935,3425.287356321839,2022
92,7260.0,25561,8333.333333333334,7142.857142857143,2022
93,4395.545454545455,20093,4320.987654320988,4430.033623417721,2022
94,5384.615384615385,19830,5666.666666666667,5317.460317460317,2022
95,3769.230769230769,18289,3931.2035158891144,3640.625,2022
971,3006.031746031746,2897,2784.8101265822784,3181.818181818182,2022
972,2970.2043010752686,2776,2745.786516853933,3061.6698292220117,2022
973,2753.205128205128,1182,2627.1186440677966,2929.1666666666665,2022
974,2833.2419354838707,7937,2794.1176470588234,2860.7692307692305,2022
01,2721.604938271605,9933,2601.010101010101,3050.5102040816328,2023
02,1394.2307692307693,7637,1319.5876288659797,2088.235294117647,2023
03,1381.6091954022988,7545,1276.297554347826,1694.214876033058,2023
04,2500.0,3900,2640.0,2352.9411764705883,2023
05,2861.538461538461,3651,2940.737489025461,2844.155844155844,2023
06,4876.543209876543,27924,5438.048245614035,4759.807692307692,2023
07,2181.818181818182,5603,2231.404958677686,2053.9124117891242,2023
08,1381.578947368421,4157,1317.6930596285436,1655.5555555555557,2023
09,1680.3333333333335,3316,1616.4383561643835,1866.6666666666667,2023
10,1706.0409237561555,4784,1626.5060240963855,1842.1052631578948,2023
11,2069.213483146068,9155,1870.967741935484,2560.8157991878925,2023
12,1777.7777777777778,5305,1609.090909090909,2033.3333333333333,2023
13,3856.521739130435,29685,4500.0,3555.555555555556,2023
14,2666.6666666666665,14779,2383.2251082251078,3365.625,2023
15,1425.0,2631,1385.0,1497.9761904761904,2023
16,1622.5146198830407,6812,1562.5,2200.0,2023
17,2927.927927927928,13973,2640.0934579439254,4190.476190476191,2023
18,1343.75,5951,1275.0,1774.9648382559776,2023
19,1571.428571428571,4893,1541.4358974358975,1682.9268292682927,2023
21,2441.860465116279,9137,2116.252427184466,2711.111111111112,2023
22,2059.53667953668,13404,1977.6119402985075,2521.4826839826837,2023
23,1032.1663533834585,2694,985.2421652421651,1490.7407407407406,2023
24,1828.571428571429,10204,1812.5,2000.0,2023
25,2187.5,8490,2079.285714285714,2276.8786360698123,2023
26,2500.0,8341,2636.8343004513217,2215.3846153846152,2023
27,2084.8214285714284,10689,2064.516129032258,2320.9706959706964,2023
28,2012.5786163522007,7201,1935.0806451612902,2416.6666666666665,2023
29,2268.84,16821,2245.8823529411766,2326.308784383318,2023
2A,4267.394636015326,2234,4906.25,3970.5882352941176,2023
2B,3307.5961538461543,2460,3333.333333333333,3278.688524590164,2023
30,2702.4590163934427,13585,2735.445895823254,2644.0677966101694,2023
31,2946.6006600660066,21138,2854.1666666666665,3050.8571428571427,2023
32,1740.0,3515,1693.8417318982388,1887.5,2023
33,3602.941176470588,25827,3264.367816091954,3993.3459595959603,2023
34,3381.818181818182,24797,3135.135135135135,3557.4175824175827,2023
35,2815.3010033444816,16714,2416.6666666666665,3507.9445145018917,2023
36,1190.8396946564883,4255,1144.859813084112,1540.5747126436781,2023
37,2500.0,10454,2272.7272727272725,3020.0,2023
38,2852.402745995423,18872,2905.8277027027025,2800.0,2023
39,1822.429906542056,4495,1750.0,1983.11484753491,2023
40,2810.8695652173915,7910,2629.032258064516,3350.285714285714,2023
41,1678.571428571429,6305,1619.7033898305085,1989.4034378159758,2023
42,1879.0491118077325,13384,2163.716814159292,1600.0,2023
43,1683.2466584158415,3890,1612.5,1870.967741935484,2023
44,3283.582089552239,22562,3057.307060755337,3615.3846153846152,2023
45,2039.4736842105265,11447,1908.0,2548.3870967741937,2023
46,1836.734693877551,3749,1821.1920529801323,1932.2857142857144,2023
47,1709.090909090909,7095,1668.752594437526,1880.0,2023
48,1811.9843527738265,1308,1607.304347826087,2285.714285714286,2023
49,2280.054347826087,11847,2098.7654320987654,3076.923076923077,2023
50,1965.909090909091,10035,1886.3636363636365,2800.0,2023
51,2194.1157476403378,7714,1933.3333333333333,2575.0,2023
52,1181.1023622047244,2597,1090.7407407407406,1573.6467236467238,2023
53,1642.857142857143,5601,1517.2745358090187,2432.4324324324325,2023
54,2086.41975308642,11463,1963.0226057365094,2234.0425531914893,2023
55,1225.2166934189408,2946,1144.244105409154,1819.2481203007517,2023
56,2748.048087845513,14838,2479.3388429752067,3555.7393162393164,2023
58,1193.1818181818182,4407,1153.2867132867132,1383.3333333333333,2023
59,2275.862068965517,35128,1975.9518072289156,3321.428571428572,2023
60,2371.8478491205765,10592,2305.0505050505053,2650.0,2023
61,1471.060794044665,5820,1428.571428571429,2013.888888888889,2023
62,1894.621168305379,19282,1752.7954772613693,3250.0,2023
63,2065.9075573549258,11182,1877.112985819328,2291.893939393939,2023
64,2800.378787878788,11780,2475.09375,3453.6878216123496,2023
65,1863.9925373134329,5074,1783.3333333333333,2023.636363636364,2023
66,2562.5,12258,2556.2,2568.181818181818,2023
69,4074.074074074074,24978,4000.0,4100.0,2023
70,1366.6666666666667,3678,1347.6842105263158,1428.571428571429,2023
71,1629.2134831460671,10142,1619.5652173913045,1656.25,2023
72,1716.2162162162165,9941,1644.7368421052631,2099.6607272727274,2023
73,3738.7755102040815,9341,3391.111111111112,3936.170212765957,2023
74,4542.066993464052,15748,4677.304964539007,4480.0,2023
75,9979.166666666666,26944,11564.615384615385,9972.972972972972,2023
76,2300.0,21317,2162.162162162162,2708.333333333333,2023
77,3302.608695652174,19605,3081.122448979592,3657.3849878934625,2023
78,4102.564102564103,16935,3955.555555555556,4241.204917651271,2023
79,1515.1515151515152,7060,1428.7435456110156,2463.279406808224,2023
80,1986.71875,8779,1738.738738738739,3309.0185676392575,2023
81,1911.31498470948,6561,1808.219178082192,2346.6666666666665,2023
82,1983.495145631068,4553,1955.823170731708,2071.825396825397,2023
83,4196.2962962962965,27435,4347.826086956522,4041.6666666666665,2023
84,2954.5454545454545,9130,3111.111111111112,2683.568677792041,2023
85,2580.6451612903224,13530,2434.2105263157896,3483.870967741936,2023
86,1693.548387096774,7793,1548.6725663716811,2436.698717948718,2023
87,1651.4,7233,1540.5405405405406,1885.7142857142856,2023
88,1538.4615384615386,6583,1476.4454875186686,1692.3076923076924,2023
89,1572.5806451612902,6504,1488.888888888889,1929.8245614035088,2023
90,1688.3116883116884,2203,1770.8333333333333,1579.6078431372548,2023
91,3430.232558139535,14977,3571.428571428572,3272.7272727272725,2023
92,6967.741935483871,18885,8006.410256410256,6875.0,2023
93,4156.047077922078,14884,4187.5,4137.931034482759,2023
94,5156.25,14640,5471.217105263158,5086.436781609195,2023
95,3600.0,13621,3777.777777777778,3419.6428571428573,2023
971,3279.310344827586,2237,3192.156862745098,3377.155172413793,2023
972,2941.176470588235,2434,2681.535714285714,3145.1612903225805,2023
973,2807.4626865671644,1097,2751.824817518248,2836.309523809524,2023
974,2800.0,6567,2802.4691358024693,2800.0,2023
01,2622.2361111111113,8646,2533.653846153846,2888.8888888888887,2024
02,1349.1081338195654,7032,1292.134831460674,1866.2790697674416,2024
03,1363.6363636363635,6819,1290.5405405405406,1599.0990990990992,2024
04,2468.303465003465,3462,2573.684210526316,2307.1428571428573,2024
05,2867.391304347826,3381,2810.0,2904.620952380952,2024
06,4886.038961038961,23908,5394.736842105263,4799.285714285715,2024
07,2182.6951291079813,5176,2234.0425531914893,2000.0,2024
08,1348.6238532110092,3691,1289.174107142857,1585.3658536585365,2024
09,1671.3773148148148,3052,1634.6153846153843,1920.5548549810846,2024
10,1631.3894736842105,4546,1523.1788079470198,1833.3333333333333,2024
11,2075.0,8411,1917.6470588235293,2579.7962648556877,2024
12,1705.9859154929577,4579,1543.0335097001764,2025.6410256410256,2024
13,3750.0,26169,4254.772727272728,3484.848484848485,2024
14,2660.0,13793,2368.443480861244,3320.0,2024
15,1454.5454545454545,2412,1403.0,1529.7058823529412,2024
16,1551.2102040816326,5826,1500.0,2177.4193548387098,2024
17,2806.451612903226,12273,2546.842105263158,4000.0,2024
18,1312.5,5657,1260.0,1603.030303030303,2024
19,1607.7829756008073,4754,1529.2173913043478,1920.6349206349207,2024
21,2371.794871794872,8220,2120.769230769231,2555.555555555556,2024
22,2056.6753807683563,11426,1954.0229885057472,2639.1414141414143,2024
23,1037.9746835443038,2443,1000.0,1363.6363636363635,2024
24,1777.7777777777778,8715,1750.0,1971.8309859154929,2024
25,2135.866570453949,7712,1966.0,2290.909090909091,2024
26,2428.5714285714284,7510,2561.1273554256013,2155.320150659134,2024
27,1980.7692307692307,9694,1956.25,2183.75,2024
28,1930.4025764895332,6544,1855.9322033898304,2373.2142857142862,2024
29,2250.0,15300,2201.834862385321,2377.4193548387098,2024
2A,4278.980494966443,2050,4781.929347826087,4015.0,2024
2B,3220.6737096774195,2190,3312.5,3189.655172413793,2024
30,2615.3846153846152,11885,2627.0293270489656,2592.5925925925926,2024
31,2816.6666666666665,18967,2694.4444444444443,2950.0,2024
32,1701.0,3000,1641.7094017094016,1935.483870967742,2024
33,3387.0967741935483,22331,3080.6451612903224,3750.0,2024
34,3284.745614035088,21459,3022.8813559322034,3491.3664596273293,2024
35,2708.712121212121,15278,2335.109220779221,3381.517379679144,2024
36,1159.090909090909,3869,1130.4347826086955,1456.439393939394,2024
37,2344.882516925528,9388,2195.950819672132,2739.1304347826085,2024
38,2711.258802816901,16398,2763.975155279504,2666.6666666666665,2024
39,1774.1935483870968,4173,1704.7297297297298,1948.051948051948,2024
40,2727.2727272727275,7392,2510.0,3281.25,2024
41,1636.3636363636365,5658,1578.9473684210527,2025.0,2024
42,1822.8869047619048,11926,2100.0,1498.5844155844156,2024
43,1670.843711083437,3584,1666.6666666666667,1701.639344262295,2024
44,3111.111111111112,20379,2912.5,3416.6666666666665,2024
45,1964.2857142857144,10159,1865.6716417910447,2363.6363636363635,2024
46,1785.299003322259,3388,1780.3030303030305,1791.6666666666667,2024
47,1666.6666666666667,6161,1658.9473684210525,1775.5555555555557,2024
48,1775.5555555555557,1104,1660.4166666666667,2211.538461538461,2024
49,2215.3449367088606,11436,2045.4545454545453,3015.873015873016,2024
50,1923.076923076923,9829,1837.209302325581,2706.485516534222,2024
51,2111.725863836459,7160,1897.6897689768973,2472.7272727272725,2024
52,1100.0,2257,1053.4897025171624,1321.428571428571,2024
53,1600.0,5226,1511.6279069767445,2346.875,2024
54,2000.0,10716,1855.7386363636365,2200.0,2024
55,1215.909090909091,2573,1142.857142857143,1489.9099099099099,2024
56,2666.6666666666665,13350,2444.4444444444443,3428.5714285714284,2024
58,1166.6666666666667,4143,1112.5,1359.2320261437908,2024
59,2170.742583218285,32888,1915.7142857142856,3108.108108108108,2024
60,2285.1648351648355,9824,2237.762237762238,2500.0,2024
61,1490.909090909091,5379,1444.4444444444443,2040.0702426564494,2024
62,1843.589743589744,18441,1707.3170731707316,3024.6913580246915,2024
63,2018.421052631579,10241,1864.9771825396826,2226.7441860465115,2024
64,2785.820895522388,10955,2409.062980030722,3470.5882352941176,2024
65,1821.505376344086,4357,1727.2727272727273,2090.1767676767677,2024
66,2596.5869909607673,10910,2559.633027522936,2662.7906976744184,2024
69,3792.857142857143,22390,3647.873563218391,3839.506172839506,2024
70,1303.27868852459,3347,1301.0416666666665,1331.3868613138686,2024
71,1603.0534351145038,9123,1574.074074074074,1694.915254237288,2024
72,1666.6666666666667,9210,1602.4184149184148,2028.125,2024
73,3692.307692307693,8611,3392.96875,3871.0942760942758,2024
74,4470.588235294118,13825,4504.0,4458.72972972973,2024
75,9393.939393939394,25237,10773.809523809523,9389.09090909091,2024
76,2214.285714285714,19600,2100.0,2537.5,2024
77,3075.065789473684,16842,2876.6304347826085,3463.414634146341,2024
78,3900.4375,14422,3781.3333333333335,3984.745762711864,2024
79,1500.0,6168,1436.7816091954023,2357.1428571428573,2024
80,1872.358428030303,8252,1672.264799154334,3062.114197530864,2024
81,1818.1818181818185,5950,1740.055321390938,2222.222222222222,2024
82,1940.9565217391305,4130,1917.6666666666667,2077.9220779220777,2024
83,4090.909090909091,24084,4205.2627547112,3965.5172413793102,2024
84,2814.604377104377,8234,2982.954545454545,2567.5438596491226,2024
85,2475.9457053849574,12762,2363.921568627451,3474.5098039215686,2024
86,1666.6666666666667,7152,1503.5625,2432.8828828828828,2024
87,1606.7226890756303,6581,1551.9814719505916,1746.031746031746,2024
88,1548.125798212005,5938,1478.0193236714977,1724.1379310344828,2024
89,1532.175616108996,5704,1446.354781582054,1900.0,2024
90,1662.857142857143,1935,1683.5443037974685,1638.8194444444443,2024
91,3215.3846153846152,13125,3333.333333333333,3057.5,2024
92,6565.559322033899,16403,7413.612244897959,6477.042160737813,2024
93,4062.5,13057,3913.0434782608695,4173.111658456486,2024
94,5000.0,13275,5071.428571428572,5000.0,2024
95,3481.845238095238,11594,3567.6364365971103,3392.1428571428573,2024
971,3228.048780487805,1977,3083.6010709504685,3382.978723404255,2024
972,2942.5882352941176,2122,2663.978494623656,3210.662878787879,2024
973,2844.396720031238,1028,2735.217391304348,2985.074626865672,2024
974,2866.4736842105262,5231,2857.1428571428573,2883.6363636363635,2024
01,2625.0,3473,2530.120481927711,2946.0317460317465,2025
02,1382.278835386338,2900,1304.3478260869565,1778.1287698920796,2025
03,1402.34375,2838,1328.6458333333333,1647.0588235294117,2025
04,2459.9297573435506,1120,2539.5621468926556,2383.6120401337794,2025
05,2986.9565217391305,1631,2834.5771144278606,3045.945945945946,2025
06,4923.076923076923,12187,5426.470588235294,4823.529411764706,2025
07,2213.3652329011456,2096,2265.625,2086.206896551724,2025
08,1392.4050632911392,1500,1380.1587301587301,1428.571428571429,2025
09,1698.8562871554675,784,1605.3811659192825,1963.636363636364,2025
10,1620.0781330317673,1560,1568.548387096774,1704.5454545454545,2025
11,2087.252506265664,3364,1859.5505617977528,2675.0,2025
12,1795.9183673469388,1977,1660.9126984126983,1990.1408450704223,2025
13,3750.0,12023,4250.0,3500.0,2025
14,2663.4937888198756,5420,2344.8971962616824,3453.0868902439024,2025
15,1464.1496598639455,1064,1443.3353571428572,1525.4237288135594,2025
16,1531.4086021505375,2791,1480.5882352941176,2070.779941754641,2025
17,2964.9122807017543,4459,2716.5961199294534,4041.6666666666665,2025
18,1339.2857142857142,2313,1263.157894736842,1811.6554054054054,2025
19,1603.1746031746031,1363,1488.6363636363635,1910.469107551487,2025
21,2456.1951754385964,3016,2149.766355140187,2679.529616724739,2025
22,2120.0,4737,2041.0958904109589,2545.988466757123,2025
23,1041.6666666666667,1063,962.3868778280544,1406.25,2025
24,1792.4528301886792,2831,1750.0,2132.3529411764707,2025
25,2169.1176470588234,2885,2047.244094488189,2286.9503546099295,2025
26,2386.038961038961,3566,2500.0,2132.7034001214324,2025
27,1987.0689655172407,4899,1966.6666666666667,2098.6111111111113,2025
28,1939.423076923077,2463,1846.9899665551839,2290.4651162790697,2025
29,2196.3367234744364,5176,2147.368421052632,2320.89552238806,2025
2A,4273.48902027027,1076,4935.390942028986,3930.9159212880145,2025
2B,3327.8688524590166,1059,3347.7962962962965,3321.428571428572,2025
30,2628.1746031746034,5344,2619.8347107438017,2645.0,2025
31,2857.1428571428573,7893,2682.584269662921,3018.1372549019607,2025
32,1729.9679487179487,1342,1697.021246052254,1808.402777777778,2025
33,3333.333333333333,10227,3013.5,3708.8687134502925,2025
34,3333.333333333333,8703,3019.607843137255,3547.5,2025
35,2820.5128205128203,5911,2459.6774193548385,3405.3166069295103,2025
36,1198.4848484848485,1386,1134.1463414634147,1827.4193548387093,2025
37,2377.777777777778,3930,2173.913043478261,2777.777777777778,2025
38,2688.8888888888887,6611,2794.1176470588234,2594.6381657511347,2025
39,1745.6349206349205,1596,1698.2629529799342,1823.926868044515,2025
40,2793.103448275862,3387,2638.957055214724,3379.189189189189,2025
41,1656.6964285714284,1924,1576.159793814433,1909.3707250341995,2025
42,1813.3333333333333,4325,2106.333333333333,1533.9080459770116,2025
43,1658.0310880829015,1376,1616.071428571429,1752.9761904761904,2025
44,3097.222222222222,8183,2881.8544366899305,3428.5714285714284,2025
45,1950.0,3533,1817.1367521367524,2352.9411764705883,2025
46,1822.2222222222224,1661,1776.595744680851,2195.4270923209665,2025
47,1685.388845247447,2688,1666.6666666666667,1785.7142857142858,2025
48,1621.6216216216217,483,1567.0116318850496,2180.0,2025
49,2280.7017543859647,3853,2085.9375,3016.00102406554,2025
50,1938.137755102041,3968,1866.196060037523,2771.5579710144925,2025
51,2125.492125984252,2840,1875.0,2566.6666666666665,2025
52,1172.8395061728395,878,1032.5,1505.3763440860216,2025
53,1667.857142857143,1881,1526.388888888889,2297.297297297297,2025
54,2020.1423936553715,3878,1897.2411850236276,2194.84126984127,2025
55,1201.169590643275,1002,1084.3373493975903,1701.1494252873565,2025
56,2730.103740079365,6100,2454.1634835752484,3518.356164383562,2025
58,1154.4117647058824,1691,1086.41975308642,1316.2280701754387,2025
59,2225.8064516129034,14437,1936.5384615384608,3232.942266131522,2025
60,2230.364963503649,4611,2196.969696969697,2404.1754018169113,2025
61,1491.656746031746,2128,1458.3333333333333,1956.5217391304348,2025
62,1851.239669421488,6685,1739.1304347826087,2890.0,2025
63,2084.526923076923,4284,1855.25,2329.87012987013,2025
64,3008.75,4627,2524.2718446601943,3690.416141235814,2025
65,1890.2439024390244,2111,1766.6666666666667,2142.8931451612902,2025
66,2633.908045977011,5042,2601.764705882353,2692.3076923076924,2025
69,3647.058823529412,9285,3636.363636363637,3653.3333333333335,2025
70,1350.0,1426,1328.4615384615386,1438.3139909735655,2025
71,1631.2021072796933,3880,1581.9725738396623,1750.0,2025
72,1666.6666666666667,3302,1618.8763275094211,1950.9456264775413,2025
73,3684.2351701294792,3792,3322.6366674624014,3836.150992626205,2025
74,4568.96551724138,5407,4628.865909705326,4512.658227848101,2025
75,9444.444444444443,10243,10521.270744428639,9444.444444444443,2025
76,2203.703703703704,8203,2093.75,2500.0,2025
77,3071.428571428572,6957,2920.0,3355.555555555556,2025
78,3843.2233146067415,6468,3709.4898724681175,3967.2043010752686,2025
79,1477.2727272727273,2341,1426.749723145072,1951.219512195122,2025
80,1900.0,3421,1702.127659574468,3060.810810810811,2025
81,1862.8512396694207,1875,1798.621794871795,2205.8823529411766,2025
82,1923.809523809524,1811,1835.144927536232,2145.454545454545,2025
83,4100.0,11416,4157.894736842105,4026.6666666666665,2025
84,2857.1428571428573,3674,3000.0,2621.294681778553,2025
85,2486.964285714286,5718,2355.140186915888,3555.555555555556,2025
86,1672.4137931034484,2475,1535.9404919723083,2434.3478260869565,2025
87,1596.774193548387,2565,1521.978021978022,1734.0136054421769,2025
88,1600.0,2451,1474.884405212274,1951.117647058824,2025
89,1509.4880057286073,1818,1467.3758865248228,1748.134328358209,2025
90,1687.9023883696782,762,1728.3950617283951,1637.8539493293592,2025
91,3186.813186813187,4749,3345.3891432308696,3000.0,2025
92,6522.017236795463,6924,7340.136054421769,6410.196386946387,2025
93,3964.285714285714,4898,3881.2544045102186,4000.0,2025
94,4864.635822262941,5364,4994.354838709677,4845.679012345679,2025
95,3400.0,4297,3499.2444444444445,3258.909185262065,2025
971,3053.921568627451,453,2786.88524590164,3278.5560344827586,2025
972,3044.1176470588234,669,2788.95678742907,3214.285714285714,2025
973,5348.215396095013,636,7662.947739283617,3244.565217391304,2025
974,2894.736842105264,2302,2859.18449197861,2916.6666666666665,2025
